{
    "group_column_dashboard": {
        "chart": {
            "type": "column"
        },
        "title": {
            "text": "Продажи"
        },
        "xAxis": {
            "categories": [
                "1 Отдел",
                "2 Отдел",
                "3 Отдел",
                "4 Отдел"
            ],
            "crosshair": true
        },
        "credits": {
            "enabled": false
        },
        "yAxis": {
            "min": 0,
            "title": {
                "text": "Процент выполнения плана"
            }
        },
        "tooltip": {
            "headerFormat": "<span style=\"font-size:10px\">{point.key}</span><table></br>",
            "footerFormat": "</table>",
            "shared": true,
            "useHTML": true
        },
        "plotOptions": {
            "column": {
                "pointPadding": 0.2,
                "borderWidth": 0
            }
        },
        "series": [
            {
                "name": "Всего звонков",
                "data": [
                    422,
                    45,
                    377,
                    423
                ]
            },
            {
                "name": "Звонки больше 1 мин",
                "data": [
                    266,
                    39,
                    255,
                    244
                ]
            },
            {
                "name": "Балансы",
                "data": [
                    442,
                    245,
                    35,
                    188
                ]
            },
            {
                "name": "Результативные балансы",
                "data": [
                    223,
                    34,
                    144,
                    46
                ]
            }
        ]
    },
    "pie_dashboard": {
        "chart": {
            "type": "pie",
            "renderTo": "atmospheric-composition"
        },
        "credits": {
            "enabled": false
        },
        "title": {
            "verticalAlign": "middle",
            "horizontalAlign": "middle",
            "floating": false,
            "text": 653003,
            "style": {
                "fontSize": "25px"
            }
        },
        "tooltip": {
            "pointFormat": "{series.name}: <b>{point.x} руб</b>"
        },
        "plotOptions": {
            "pie": {
                "dataLabels": {
                    "enabled": false
                },
                "innerSize": "50%",
                "showInLegend": true
            }
        },
        "legend": {
            "enabled": true,
            "align": "center",
            "verticalAlign": "bottom",
            "layout": "horizontal",
            "itemStyle": {
                "align": "left",
                "color": "rgba(96,125,139,1.00)",
                "fontFamily": "Open Sans",
                "fontSize": "18px",
                "fontWeight": "normal",
                "fontStyle": "normal"
            },
            "itemMarginTop": 1.5
        },
        "series": [
            {
                "name": "Продажи",
                "data": [
                    {
                        "name": "1 Отдел",
                        "y": 52,
                        "color": "#18b89c",
                        "x": 342465
                    },
                    {
                        "name": "2 Отдел",
                        "y": 4,
                        "color": "#5df0f",
                        "x": 26546
                    },
                    {
                        "name": "3 Отдел",
                        "y": 5,
                        "color": "#76e146",
                        "x": 36546
                    },
                    {
                        "name": "4 Отдел",
                        "y": 37,
                        "color": "#44ee19",
                        "x": 247446
                    }
                ]
            }
        ]
    },
    "column_dashboard": {
        "chart": {
            "type": "column"
        },
        "credits": {
            "enabled": false
        },
        "title": {
            "align": "left",
            "text": "Продажи"
        },
        "tooltip": {
            "headerFormat": "<span style=\"font-size:11px\">{series.name}</span><br>",
            "pointFormat": "План: <b> {point.plan}</b> руб<br/> Выполнено: <b> {point.sum}</b> руб<br/>"
        },
        "plotOptions": {
            "series": {
                "borderWidth": 0,
                "dataLabels": {
                    "enabled": true,
                    "format": "{point.y:.1f}%"
                }
            }
        },
        "legend": {
            "enabled": false
        },
        "series": [
            {
                "name": "Продажи",
                "colorByPoint": true,
                "data": [
                    {
                        "name": "1 Отдел",
                        "y": 102,
                        "plan": 334234,
                        "sum": 342465
                    },
                    {
                        "name": "2 Отдел",
                        "y": 39,
                        "plan": 67064,
                        "sum": 26546
                    },
                    {
                        "name": "3 Отдел",
                        "y": 10,
                        "plan": 342477,
                        "sum": 36546
                    },
                    {
                        "name": "4 Отдел",
                        "y": 27,
                        "plan": 891892,
                        "sum": 247446
                    }
                ]
            }
        ],
        "accessibility": {
            "announceNewData": {
                "enabled": true
            }
        },
        "xAxis": {
            "type": "category"
        },
        "yAxis": {
            "title": {
                "text": null
            }
        }
    },
    "bar_dashboard": {
        "chart": {
            "type": "bar"
        },
        "credits": {
            "enabled": false
        },
        "title": {
            "text": "Продажи"
        },
        "tooltip": {
            "headerFormat": "<span style=\"font-size:11px\">{series.name}</span><br>",
            "pointFormat": "<b>{point.y}%</b><br/>"
        },
        "plotOptions": {
            "series": {
                "stacking": "normal"
            }
        },
        "legend": {
            "enabled": false
        },
        "series": [
            {
                "name": "Осталось",
                "data": [
                    61
                ]
            },
            {
                "name": "Выполнено",
                "data": [
                    39
                ]
            }
        ],
        "xAxis": {
            "visible": false,
            "title": {
                "text": null
            }
        },
        "yAxis": {
            "max": 100,
            "title": {
                "text": null
            }
        }
    }
}