[
    {
        "id": 2,
        "user_id": 63,
        "sum_plan": {
            "title": "План",
            "value": 30000000
        },
        "calls": {
            "title": "Звонки",
            "value": 1231
        },
        "long_calls": {
            "title": "Усп. звонка",
            "value": 313
        },
        "balances": {
            "title": "Балансы",
            "value": 133
        },
        "good_balances": {
            "title": "Усп. балансы",
            "value": 33
        },
        "sum_bg": {
            "title": "БГ",
            "value": 4432344
        },
        "sum_issued_bg": {
            "title": "Сумма БГ",
            "value": 434242
        },
        "date": 1656499677,
        "name": {
            "title": "Имя",
            "value": "bbb"
        }
    },
    {
        "id": 3,
        "user_id": 62,
        "sum_plan": {
            "title": "План",
            "value": 50000000
        },
        "calls": {
            "title": "Звонки",
            "value": 313
        },
        "long_calls": {
            "title": "Усп. звонка",
            "value": 131
        },
        "balances": {
            "title": "Балансы",
            "value": 1311
        },
        "good_balances": {
            "title": "Усп. балансы",
            "value": 131
        },
        "sum_bg": {
            "title": "БГ",
            "value": 413141
        },
        "sum_issued_bg": {
            "title": "Сумма БГ",
            "value": 432432
        },
        "date": 1656499677,
        "name": {
            "title": "Имя",
            "value": "sandalkin@mail.ru"
        }
    }
]